,Com Product Name,Com Product Example\Example ID,Com Product Example\Example\Example Name
1,CRM (Customer Relationship Management),1,Bitrix24
1,CRM (Customer Relationship Management),2,AmoCRM
21,Сервис для управления ресурсами в облаке (Cloud Management),3,DevmanSandman
29,Long Polling Микросервис,4,Devman LongPooling Server
30,Балансировщик нагрузки,5,PelidTeam TG Flood Limiter
31,Сервис потокового архивирования,6,Third Opinion Archiver
32,Сервис потокового обработки файлов,7,Google Drive
32,Сервис потокового обработки файлов,8,Yandex Disk
32,Сервис потокового обработки файлов,9,Third Opinion Uploader
